{
  "shoulder_pan.pos": [
    0.8241758241758241,
    92.45054945054945
  ],
  "shoulder_lift.pos": [
    102.63736263736264,
    103.42857142857143
  ],
  "elbow_flex.pos": [
    -83.26373626373626,
    -72.6923076923077
  ],
  "wrist_flex.pos": [
    -32.714285714285715,
    27.0
  ],
  "wrist_roll.pos": [
    -0.8901098901098901,
    112.53846153846153
  ],
  "gripper.pos": [
    1.2721088435374148,
    98.72789115646259
  ]
}