{
  "shoulder_pan.pos": -6.637362637362638,
  "shoulder_lift.pos": -104.79120879120879,
  "elbow_flex.pos": 96.7032967032967,
  "wrist_flex.pos": 45.27472527472528,
  "wrist_roll.pos": -0.13186813186813187,
  "gripper.pos": 1.1984021304926764
}